dataset,meeting_id,condition,model_or_pipeline,audio_minutes,wer,cer,mer,wil,segment_wer,numeric_accuracy,entity_recall,der,jer,cpwer,speaker_count_ref,speaker_count_pred,speaker_count_error,speaker_attribution_accuracy,rtf,wall_clock_sec,time_to_first_text_sec,peak_gpu_vram_gb,peak_ram_gb,failure,timeout,cost_per_audio_hour_usd,notes
AMI,EN2002a,A1_gemma_audio_none,google/gemma-4-E2B-it,0.08566666666666665,0.10526315789473684,0.07291666666666667,0.1,0.1473684210526316,0.10526315789473684,,,,,,,,,,6.04353484902386,31.063769123982638,,5.6517415046691895,11.65481185913086,False,False,,
AMI,EN2002a,A1_gemma_audio_none,google/gemma-4-E2B-it,0.08349999999999999,0.26666666666666666,0.1791044776119403,0.26666666666666666,0.3794871794871796,0.26666666666666666,,,,,,,,,,4.621936755495131,23.155903145030607,,5.653937339782715,11.661460876464844,False,False,,
AMI,EN2002a,A1_gemma_audio_none,google/gemma-4-E2B-it,0.08433333333333333,0.045454545454545456,0.019230769230769232,0.045454545454545456,0.08884297520661144,0.045454545454545456,,,,,,,,,,8.833573090709496,44.69787983899005,,5.654016494750977,11.66159439086914,False,False,,
