dataset,meeting_id,condition,model_or_pipeline,audio_minutes,wer,cer,mer,wil,segment_wer,numeric_accuracy,entity_recall,der,jer,cpwer,speaker_count_ref,speaker_count_pred,speaker_count_error,speaker_attribution_accuracy,rtf,wall_clock_sec,time_to_first_text_sec,peak_gpu_vram_gb,peak_ram_gb,failure,timeout,cost_per_audio_hour_usd,notes
AMI,EN2002a,B1_whisperx_asr,whisperx-tiny.en,0.08566666666666665,0.21052631578947367,0.1875,0.21052631578947367,0.21052631578947367,0.21052631578947367,,,,,,,,,,0.0981900696497744,0.5046969579998404,,0.08641624450683594,2.0056076049804688,False,False,,
AMI,EN2002a,B1_whisperx_asr,whisperx-tiny.en,0.08349999999999999,0.2,0.16417910447761194,0.2,0.19999999999999996,0.2,,,,,,,,,,0.01360431596768756,0.06815762299811468,,0.08641624450683594,2.007984161376953,False,False,,
AMI,EN2002a,B1_whisperx_asr,whisperx-tiny.en,0.08433333333333333,0.13636363636363635,0.07692307692307693,0.13043478260869565,0.20948616600790515,0.13636363636363635,,,,,,,,,,0.017967919362138353,0.09091767197242007,,0.08641624450683594,2.009899139404297,False,False,,
