condition,n,failures,mean_wer,mean_cer,mean_mer,mean_wil,mean_numeric_accuracy,mean_entity_recall,mean_rtf,mean_wall_clock_sec,mean_peak_gpu_vram_gb,mean_peak_ram_gb
WhisperX large-v3,3,0,0.16714513556618818,0.14286739380022961,0.16714513556618818,0.16714513556618818,,,0.14387018547483887,0.7309907776652835,0.08641624450683594,4.478563944498698
WhisperX tiny.en,3,0,0.18229665071770337,0.14286739380022961,0.1803203661327231,0.20667082726579292,,,0.04325410165986677,0.22125741765679172,0.08641624450683594,2.0078303019205728
Gemma4 E2B-it full,3,0,0.13912812333864966,0.09041730450312539,0.13737373737373737,0.20523285858214088,,,6.499681565076163,32.97251736933443,5.653231779734294,11.659289042154947
Gemma4 E2B-it 4bit,1,1,,,,,,,,,,
Gemma4 E2B-it 8bit,1,1,,,,,,,,,,
