dataset,meeting_id,condition,model_or_pipeline,audio_minutes,wer,cer,mer,wil,segment_wer,numeric_accuracy,entity_recall,der,jer,cpwer,speaker_count_ref,speaker_count_pred,speaker_count_error,speaker_attribution_accuracy,rtf,wall_clock_sec,time_to_first_text_sec,peak_gpu_vram_gb,peak_ram_gb,failure,timeout,cost_per_audio_hour_usd,notes
AMI,EN2002a,B1_whisperx_asr,whisperx-large-v3,0.08566666666666665,0.21052631578947367,0.1875,0.21052631578947367,0.21052631578947367,0.21052631578947367,,,,,,,,,,0.183949851954595,0.9455022390466183,,0.08641624450683594,4.477996826171875,False,False,,
AMI,EN2002a,B1_whisperx_asr,whisperx-large-v3,0.08349999999999999,0.2,0.16417910447761194,0.2,0.19999999999999996,0.2,,,,,,,,,,0.1138614133714202,0.5704456809908152,,0.08641624450683594,4.478843688964844,False,False,,
AMI,EN2002a,B1_whisperx_asr,whisperx-large-v3,0.08433333333333333,0.09090909090909091,0.07692307692307693,0.09090909090909091,0.09090909090909094,0.09090909090909091,,,,,,,,,,0.13379929109850142,0.6770244129584171,,0.08641624450683594,4.478851318359375,False,False,,
